name,url
Nicholas Bellono,https://www.mcb.harvard.edu/directory/nicholas-bellono/?referral=faculty
Jeeyun Chung,https://www.mcb.harvard.edu/directory/jeeyun-chung/?referral=faculty
Philippe Cluzel,https://www.mcb.harvard.edu/directory/philippe-cluzel/?referral=faculty
Victoria D'Souza,https://www.mcb.harvard.edu/directory/victoria-dsouza/?referral=faculty
Vlad Denic,https://www.mcb.harvard.edu/directory/vladimir-denic/?referral=faculty
John Dowling,https://www.mcb.harvard.edu/directory/john-dowling/?referral=faculty
Catherine Dulac,https://www.mcb.harvard.edu/directory/catherine-dulac/?referral=faculty
Sean Eddy,https://www.mcb.harvard.edu/directory/sean-eddy/?referral=faculty
Florian Engert,https://www.mcb.harvard.edu/directory/florian-engert/?referral=faculty
Cassandra Extavour,https://www.mcb.harvard.edu/directory/cassandra-extavour/?referral=faculty
Ethan Garner,https://www.mcb.harvard.edu/directory/ethan-garner/?referral=faculty
Rachelle Gaudet,https://www.mcb.harvard.edu/directory/rachelle-gaudet/?referral=faculty
Doeke Hekstra,https://www.mcb.harvard.edu/directory/doeke-hekstra/?referral=faculty
Takao Hensch,https://www.mcb.harvard.edu/directory/takao-hensch/?referral=faculty
Hopi Hoekstra,https://www.mcb.harvard.edu/directory/hopi-hoekstra/?referral=faculty
Craig Hunter,https://www.mcb.harvard.edu/directory/craig-hunter/?referral=faculty
Daniel Kahne,https://www.mcb.harvard.edu/directory/daniel-kahne/?referral=faculty
Nancy Kleckner,https://www.mcb.harvard.edu/directory/nancy-kleckner/?referral=faculty
Sam Kunes,https://www.mcb.harvard.edu/directory/samuel-kunes/?referral=faculty
Jeff Lichtman,https://www.mcb.harvard.edu/directory/jeff-lichtman/?referral=faculty
Richard Losick,https://www.mcb.harvard.edu/directory/richard-losick/?referral=faculty
Matthew Meselson,https://www.mcb.harvard.edu/directory/matthew-meselson/?referral=faculty
Andrew Murray,https://www.mcb.harvard.edu/directory/andrew-murray/?referral=faculty
Venkatesh Murthy,https://www.mcb.harvard.edu/directory/venkatesh-murthy/?referral=faculty
Daniel Needleman,https://www.mcb.harvard.edu/directory/daniel-needleman/?referral=faculty
David Nelson,https://www.mcb.harvard.edu/directory/david-nelson/?referral=faculty
Ryan Nett,https://www.mcb.harvard.edu/directory/ryan-nett/?referral=faculty
Maxim Prigozhin,https://www.mcb.harvard.edu/directory/maxim-prigozhin/?referral=faculty
Sharad Ramanathan,https://www.mcb.harvard.edu/directory/sharad-ramanathan/?referral=faculty
Elena Rivas,https://www.mcb.harvard.edu/directory/elena-rivas/?referral=faculty
Joshua Sanes,https://www.mcb.harvard.edu/directory/joshua-sanes/?referral=faculty
Naoshige Uchida,https://www.mcb.harvard.edu/directory/naoshige-uchida/?referral=faculty
Alain Viel,https://www.mcb.harvard.edu/directory/alain-viel/?referral=faculty
Amanda Whipple,https://www.mcb.harvard.edu/directory/amanda-whipple/?referral=faculty
Tianxi Cai,https://www.hsph.harvard.edu/profile/tianxi-cai/
Scott Lambert Carter,https://www.hsph.harvard.edu/profile/scott-lambert-carter/
Paul Catalano,https://www.hsph.harvard.edu/profile/paul-catalano/
Brent Coull,https://www.hsph.harvard.edu/profile/brent-coull/
Issa Dahabreh,https://www.hsph.harvard.edu/profile/issa-dahabreh/
Victor De Gruttola,https://www.hsph.harvard.edu/profile/victor-de-gruttola/
Francesca Dominici,https://www.hsph.harvard.edu/profile/francesca-dominici/
Rui Duan,https://www.hsph.harvard.edu/profile/rui-duan/
Robert Gray,https://www.hsph.harvard.edu/profile/robert-gray/
Adam Haber,https://www.hsph.harvard.edu/profile/adam-l-haber/
Sebastien Haneuse,https://www.hsph.harvard.edu/profile/sebastien-haneuse/
Nima Hejazi,https://www.hsph.harvard.edu/profile/nima-s-hejazi/
Miguel Hernan,https://www.hsph.harvard.edu/profile/miguel-hernan/
Michael D. Hughes,https://www.hsph.harvard.edu/profile/michael-d-hughes/
Curtis Huttenhower,https://www.hsph.harvard.edu/profile/curtis-huttenhower/
Rafael A. Irizarry,https://www.hsph.harvard.edu/profile/rafael-a-irizarry/
Peter Kraft,https://www.hsph.harvard.edu/profile/peter-kraft/
Erin K. Lake,https://www.hsph.harvard.edu/profile/erin-k-lake/
Christoph Lange,https://www.hsph.harvard.edu/profile/christoph-lange/
Kyu Ha Lee,https://www.hsph.harvard.edu/profile/kyu-ha-lee/
Liming Liang,https://www.hsph.harvard.edu/profile/liming-liang/
Xihong Lin,https://www.hsph.harvard.edu/profile/xihong-lin/
Junwei Lu,https://www.hsph.harvard.edu/profile/junwei-lu/
Heather Mattie,https://www.hsph.harvard.edu/profile/heather-mattie/
Franziska Michor,https://www.hsph.harvard.edu/profile/franziska-michor/
Jeffrey Miller,https://www.hsph.harvard.edu/profile/jeffrey-miller/
Rajarshi Mukherjee,https://www.hsph.harvard.edu/profile/rajarshi-mukherjee/
Rachel Nethery,https://www.hsph.harvard.edu/profile/rachel-nethery/
Donna Neuberg,https://www.hsph.harvard.edu/profile/donna-neuberg/
JP Onnela,https://www.hsph.harvard.edu/profile/jp-onnela/
Marcello Pagano,https://www.hsph.harvard.edu/profile/marcello-pagano/
Giovanni Parmigiani,https://www.hsph.harvard.edu/profile/giovanni-parmigiani/
Alkes Price,https://www.hsph.harvard.edu/profile/alkes-price/
John Quackenbush,https://www.hsph.harvard.edu/profile/john-quackenbush/
James M. Robins,https://www.hsph.harvard.edu/profile/james-m-robins/
Briana Joy K Stephenson,https://www.hsph.harvard.edu/profile/briana-joy-k-stephenson/
Marcia A Testa,https://www.hsph.harvard.edu/profile/marcia-a-testa/
Lorenzo Trippa,https://www.hsph.harvard.edu/profile/lorenzo-trippa/
Tyler J. VanderWeele,https://www.hsph.harvard.edu/profile/tyler-j-vanderweele/
L. J. Wei,https://www.hsph.harvard.edu/profile/l-j-wei/
Paige L. Williams,https://www.hsph.harvard.edu/profile/paige-l-williams/
