name,url
Nichole Broderick,https://biology.JHU.eduhttps://bio.jhu.edu/directory/nichole-broderick/
Xin Chen,https://biology.JHU.eduhttps://bio.jhu.edu/directory/xin-chen/
Jeff Coller,https://biology.JHU.eduhttps://bio.jhu.edu/directory/jeff-coller/
Kyle Cunningham,https://biology.JHU.eduhttps://bio.jhu.edu/directory/kyle-cunningham/
Steven Farber,https://biology.JHU.eduhttps://bio.jhu.edu/directory/steven-farber/
Andrew Gordus,https://biology.JHU.eduhttps://bio.jhu.edu/directory/andrew-gordus/
Rachel Green,https://biology.JHU.eduhttps://bio.jhu.edu/directory/rachel-green/
Edward Hedgecock,https://biology.JHU.eduhttps://bio.jhu.edu/directory/edward-hedgecock/
Vincent Hilser,https://biology.JHU.eduhttps://bio.jhu.edu/directory/vincent-hilser/
M. Andrew Hoyt,https://biology.JHU.eduhttps://bio.jhu.edu/directory/m-andrew-hoyt/
Robert Johnston,https://biology.JHU.eduhttps://www.johnstonlabjhu.com/
Christian Kaiser,https://biology.JHU.eduhttps://bio.jhu.edu/directory/christian-kaiser/
John Kim,https://biology.JHU.eduhttps://bio.jhu.edu/directory/john-kim/
Yumi Kim,https://biology.JHU.eduhttps://bio.jhu.edu/directory/yumi-kim/
Rejji Kuruvilla,https://biology.JHU.eduhttps://bio.jhu.edu/directory/rejji-kuruvilla/
Rajiv McCoy,https://biology.JHU.eduhttps://bio.jhu.edu/directory/rajiv-mccoy/
Evangelos Moudrianakis,https://biology.JHU.eduhttps://bio.jhu.edu/directory/evangelos-moudrianakis/
Ulrich Mueller,
Joel Schildbach,https://biology.JHU.eduhttps://bio.jhu.edu/directory/joel-schildbach/
Michael Schatz,https://biology.JHU.eduhttps://engineering.jhu.edu/faculty/michael-schatz/
Trina Schroer,https://biology.JHU.eduhttps://bio.jhu.edu/directory/trina-schroer/
Tatjana Trcek,https://biology.JHU.eduhttps://bio.jhu.edu/directory/tatjana-trcek/
Mark Van Doren,https://biology.JHU.eduhttps://bio.jhu.edu/directory/mark-van-doren/
Carl Wu,https://biology.JHU.eduhttps://bio.jhu.edu/directory/carl-wu/
Haiqing Zhao,https://biology.JHU.eduhttps://bio.jhu.edu/directory/haiqing-zhao/
