name,url
Ralph Adolphs,https://www.bbe.caltech.edu/people/faculty/people/ralph-adolphs
John M. Allman,https://www.bbe.caltech.edu/people/faculty/people/john-m-allman
Richard A. Andersen,https://www.bbe.caltech.edu/people/faculty/people/richard-a-andersen
David J. Anderson,https://www.bbe.caltech.edu/people/faculty/people/david-j-anderson
Alexei Aravin,https://www.bbe.caltech.edu/people/faculty/people/alexei-aravin
Frances H. Arnold,https://www.bbe.caltech.edu/people/faculty/people/frances-h-arnold
David Baltimore,https://www.bbe.caltech.edu/people/faculty/people/david-baltimore
Pamela J. Bjorkman,https://www.bbe.caltech.edu/people/faculty/people/pamela-j-bjorkman
Justin S. Bois,https://www.bbe.caltech.edu/people/faculty/people/justin-s-bois
Marianne Bronner,https://www.bbe.caltech.edu/people/faculty/people/marianne-bronner
Long Cai,https://www.bbe.caltech.edu/people/faculty/people/long-cai
Judith L. Campbell,https://www.bbe.caltech.edu/people/faculty/people/judith-l-campbell
David C. Chan,https://www.bbe.caltech.edu/people/faculty/people/david-c-chan
Tsui-Fen Chou,https://www.bbe.caltech.edu/people/faculty/people/tsui-fen-chou
Michael H. Dickinson,https://www.bbe.caltech.edu/people/faculty/people/michael-h-dickinson
William G. Dunphy,https://www.bbe.caltech.edu/people/faculty/people/william-g-dunphy
Michael B. Elowitz,https://www.bbe.caltech.edu/people/faculty/people/michael-b-elowitz
Katalin (Kata) Fejes Toth,https://www.bbe.caltech.edu/people/faculty/people/katalin-kata-fejes-toth
David Glover,https://www.bbe.caltech.edu/people/faculty/people/david-glover
Lea A. Goentoro,https://www.bbe.caltech.edu/people/faculty/people/lea-a-goentoro
Viviana Gradinaru,https://www.bbe.caltech.edu/people/faculty/people/viviana-gradinaru
Mitchell Guttman,https://www.bbe.caltech.edu/people/faculty/people/mitchell-guttman
Bruce A. Hay,https://www.bbe.caltech.edu/people/faculty/people/bruce-a-hay
Elizabeth J. Hong,https://www.bbe.caltech.edu/people/faculty/people/elizabeth-j-hong
Alice S. Huang,https://www.bbe.caltech.edu/people/faculty/people/alice-s-huang
Rustem F. Ismagilov,https://www.bbe.caltech.edu/people/faculty/people/rustem-f-ismagilov
Mary B. Kennedy,https://www.bbe.caltech.edu/people/faculty/people/mary-b-kennedy
Akiko Kumagai,https://www.bbe.caltech.edu/people/faculty/people/akiko-kumagai
Henry A. Lester,https://www.bbe.caltech.edu/people/faculty/people/henry-a-lester
Carlos Lois,https://www.bbe.caltech.edu/people/faculty/people/carlos-lois
Stephen L. (Steve) Mayo,https://www.bbe.caltech.edu/people/faculty/people/stephen-l-steve-mayo
Sarkis Mazmanian,https://www.bbe.caltech.edu/people/faculty/people/sarkis-mazmanian
Markus Meister,https://www.bbe.caltech.edu/people/faculty/people/markus-meister
Elliot Meyerowitz,https://www.bbe.caltech.edu/people/faculty/people/elliot-meyerowitz
Richard M. Murray,https://www.bbe.caltech.edu/people/faculty/people/richard-m-murray
Dianne K. Newman,https://www.bbe.caltech.edu/people/faculty/people/dianne-k-newman
Yuki Oka,https://www.bbe.caltech.edu/people/faculty/people/yuki-oka
Victoria J. Orphan,https://www.bbe.caltech.edu/people/faculty/people/victoria-j-orphan
Lior S. Pachter,https://www.bbe.caltech.edu/people/faculty/people/lior-s-pachter
Joseph Parker,https://www.bbe.caltech.edu/people/faculty/people/joseph-parker
Alina Patke,https://www.bbe.caltech.edu/people/faculty/people/alina-patke
Rob Phillips,https://www.bbe.caltech.edu/people/faculty/people/rob-phillips
Niles A. Pierce,https://www.bbe.caltech.edu/people/faculty/people/niles-a-pierce
David Prober,https://www.bbe.caltech.edu/people/faculty/people/david-prober
Lulu Qian,https://www.bbe.caltech.edu/people/faculty/people/lulu-qian
Ellen Rothenberg,https://www.bbe.caltech.edu/people/faculty/people/ellen-rothenberg
Michael L. Roukes,https://www.bbe.caltech.edu/people/faculty/people/michael-l-roukes
Shinsuke (Shin) Shimojo,https://www.bbe.caltech.edu/people/faculty/people/shinsuke-shin-shimojo
Thanos Siapas,https://www.bbe.caltech.edu/people/faculty/people/thanos-siapas
Angelike Stathopoulos,https://www.bbe.caltech.edu/people/faculty/people/angelike-stathopoulos
Paul W. Sternberg,https://www.bbe.caltech.edu/people/faculty/people/paul-w-sternberg
Matt Thomson,https://www.bbe.caltech.edu/people/faculty/people/matt-thomson
David Van Valen,https://www.bbe.caltech.edu/people/faculty/people/david-van-valen
Alexander J. Varshavsky,https://www.bbe.caltech.edu/people/faculty/people/alexander-varshavsky
Rebecca Voorhees,https://www.bbe.caltech.edu/people/faculty/people/rebecca-voorhees
Daniel Wagenaar,https://www.bbe.caltech.edu/people/faculty/people/daniel-wagenaar
Kaihang Wang,https://www.bbe.caltech.edu/people/faculty/people/kaihang-wang
Erik Winfree,https://www.bbe.caltech.edu/people/faculty/people/erik-winfree
Barbara J. Wold,https://www.bbe.caltech.edu/people/faculty/people/barbara-j-wold
Changhuei Yang,https://www.bbe.caltech.edu/people/faculty/people/changhuei-yang
Magdalena Zernicka-Goetz,https://www.bbe.caltech.edu/people/faculty/people/magdalena-zernicka-goetz
Kai G. Zinn,https://www.bbe.caltech.edu/people/faculty/people/kai-g-zinn
