Tania A. Baker,https://biology.mit.edu/profile/tania-a-baker/
David Bartel,https://biology.mit.edu/profile/david-bartel/
Stephen Bell,https://biology.mit.edu/profile/stephen-bell/
Laurie A. Boyer,https://biology.mit.edu/profile/laurie-a-boyer/
Christopher Burge,https://biology.mit.edu/profile/christopher-burge/
Eliezer Calo,https://biology.mit.edu/profile/eliezer-calo/
Lindsay Case,https://biology.mit.edu/profile/lindsay-case/
Iain M. Cheeseman,https://biology.mit.edu/profile/iain-m-cheeseman/
Jianzhu Chen,https://biology.mit.edu/profile/jianzhu-chen/
Yiyin Erin Chen,https://biology.mit.edu/profile/y-erin-chen/
Sallie (Penny) W. Chisholm,https://biology.mit.edu/profile/sallie-penny-w-chisholm/
Ibrahim Cissé,https://biology.mit.edu/profile/ibrahim-cisse/
Olivia Corradin,https://biology.mit.edu/profile/olivia-corradin/
Joseph (Joey) Davis,https://biology.mit.edu/profile/joseph-joey-davis/
Catherine Drennan,https://biology.mit.edu/profile/catherine-drennan/
Gerald R. Fink,https://biology.mit.edu/profile/gerald-r-fink/
Mary Gehring,https://biology.mit.edu/profile/mary-gehring/
Alan D. Grossman,https://biology.mit.edu/profile/alan-d-grossman/
Leonard P. Guarente,https://biology.mit.edu/profile/leonard-p-guarente/
Michael T. Hemann,https://biology.mit.edu/profile/michael-t-hemann/
H. Robert Horvitz,https://biology.mit.edu/profile/h-robert-horvitz/
David Housman,https://biology.mit.edu/profile/david-housman/
Siniša Hrvatin,https://biology.mit.edu/profile/sinisa-hrvatin/
Richard O. Hynes,https://biology.mit.edu/profile/richard-o-hynes/
Barbara Imperiali,https://biology.mit.edu/profile/barbara-imperiali/
Tyler Jacks,https://biology.mit.edu/profile/tyler-jacks/
Rudolf Jaenisch,https://biology.mit.edu/profile/rudolf-jaenisch/
Ankur Jain,https://biology.mit.edu/profile/ankur-jain/
Chris A. Kaiser,https://biology.mit.edu/profile/chris-a-kaiser/
Amy E. Keating,https://biology.mit.edu/profile/amy-e-keating/
Kristin Knouse,https://biology.mit.edu/profile/kristin-knouse/
Monty Krieger,https://biology.mit.edu/profile/monty-krieger/
Rebecca Lamason,https://biology.mit.edu/profile/rebecca-lamason/
Eric S. Lander,https://biology.mit.edu/profile/eric-s-lander/
Michael T. Laub,https://biology.mit.edu/profile/michael-t-laub/
Douglas Lauffenburger,https://biology.mit.edu/profile/douglas-lauffenburger/
Jacqueline Lees,https://biology.mit.edu/profile/jacqueline-lees/
Ruth Lehmann,https://biology.mit.edu/profile/ruth-lehmann/
Gene-Wei Li,https://biology.mit.edu/profile/gene-wei-li/
Pulin Li,https://biology.mit.edu/profile/pulin-li/
Troy Littleton,https://biology.mit.edu/profile/troy-littleton/
Harvey F. Lodish,https://biology.mit.edu/profile/harvey-f-lodish/
Sebastian Lourido,https://biology.mit.edu/profile/sebastian-lourido/
Adam C. Martin,https://biology.mit.edu/profile/adam-c-martin/
Hernandez Moura Silva,https://biology.mit.edu/profile/hernandez-moura-silva/
Elly Nedivi,https://biology.mit.edu/profile/elly-nedivi/
David C. Page,https://biology.mit.edu/profile/david-c-page/
Sara Prescott,https://biology.mit.edu/profile/sara-prescott/
Peter Reddien,https://biology.mit.edu/profile/peter-reddien/
Aviv Regev,https://biology.mit.edu/profile/aviv-regev/
Alison E. Ringel,https://biology.mit.edu/profile/alison-e-ringel/
Francisco J. Sánchez-Rivera,https://biology.mit.edu/profile/francisco-j-sanchez-rivera/
Robert T. Sauer,https://biology.mit.edu/profile/robert-t-sauer/
Thomas U. Schwartz,https://biology.mit.edu/profile/thomas-u-schwartz/
Phillip A. Sharp,https://biology.mit.edu/profile/phillip-a-sharp/
Anthony J. Sinskey,https://biology.mit.edu/profile/anthony-j-sinskey/
Yadira Soto-Feliciano,https://biology.mit.edu/profile/yadira-soto-feliciano/
Stefani Spranger,https://biology.mit.edu/profile/stefani-spranger/
Susumu Tonegawa,https://biology.mit.edu/profile/susumu-tonegawa/
Matthew Vander Heiden,https://biology.mit.edu/profile/matthew-vander-heiden/
Seychelle M. Vos,https://biology.mit.edu/profile/seychelle-m-vos/
Graham C. Walker,https://biology.mit.edu/profile/graham-c-walker/
Bruce Walker,https://biology.mit.edu/profile/bruce-walker/
Robert A. Weinberg,https://biology.mit.edu/profile/robert-a-weinberg/
Brandon Weissbourd,https://biology.mit.edu/profile/brandon-weissbourd/
Jonathan Weissman,https://biology.mit.edu/profile/jonathan-weissman/
Jing-Ke Weng,https://biology.mit.edu/profile/jing-ke-weng/
Matthew A. Wilson,https://biology.mit.edu/profile/matthew-a-wilson/
Harikesh S. Wong,https://biology.mit.edu/profile/harikesh-s-wong/
Michael B. Yaffe,https://biology.mit.edu/profile/michael-b-yaffe/
Yukiko Yamashita,https://biology.mit.edu/profile/yukiko-yamashita/
Omer H. Yilmaz,https://biology.mit.edu/profile/omer-h-yilmaz/
Richard A. Young,https://biology.mit.edu/profile/richard-a-young/